#,"Country,Other",TotalCases,NewCases,TotalDeaths,NewDeaths,TotalRecovered,NewRecovered,ActiveCases,"Serious,Critical",Tot Cases/1M pop,Deaths/1M pop,TotalTests,"Tests/
1M pop",Population,Continent,1 Caseevery X ppl,1 Deathevery X ppl,1 Testevery X ppl,New Cases/1M pop,New Deaths/1M pop,Active Cases/1M pop
,North America,125978653,,1625792.0,,121651500.0,1255.0,2701361.0,"6,802",,,,,,North America,,,,,,
,Asia,215951975,7048.0,1542752.0,15.0,200171628.0,13135.0,14237595.0,"15,515",,,,,,Asia,,,,,,
,Europe,248341338,7235.0,2034898.0,44.0,244112721.0,10504.0,2193719.0,"6,415",,,,,,Europe,,,,,,
,South America,68452197,,1353366.0,,66431785.0,327.0,667046.0,"10,166",,,,,,South America,,,,,,
,Oceania,14084808,,26940.0,,13901165.0,,156703.0,71,,,,,,Australia/Oceania,,,,,,
,Africa,12815688,,258682.0,,12082702.0,,474304.0,548,,,,,,Africa,,,,,,
,,721,,15.0,,706.0,,0.0,0,,,,,,,,,,,,
,World,685625380,14283.0,6842445.0,59.0,658352207.0,25221.0,20430728.0,"39,517","87,959",877.8,,,,All,,,,,,
1,USA,106464679,,1158158.0,,104311698.0,,994823.0,"1,636","317,990","3,459",1175946071.0,"3,512,328","334,805,269",North America,3,289,0,,,"2,971"
2,India,44818115,,531114.0,,44229459.0,,57542.0,,"31,862",378,923877832.0,"656,801","1,406,631,776",Asia,31,"2,648",2,,,41
3,France,39896203,,166024.0,,39592740.0,,137439.0,869,"608,317","2,531",271490188.0,"4,139,547","65,584,518",Europe,2,395,0,,,"2,096"
4,Germany,38382386,,171992.0,,38150100.0,900.0,60294.0,,"457,567","2,050",122332384.0,"1,458,359","83,883,596",Europe,2,488,1,,,719
5,Brazil,37358092,,700811.0,,36249161.0,,408120.0,,"173,473","3,254",63776166.0,"296,146","215,353,593",South America,6,307,3,,,"1,895"
6,Japan,33580723,7028.0,74235.0,15.0,21725273.0,,11781215.0,58,"267,395",591,99154890.0,"789,545","125,584,838",Asia,4,"1,692",1,56,0.1,"93,811"
7,S. Korea,30978954,,34368.0,,30764355.0,13132.0,180231.0,114,"603,526",670,15804065.0,"307,892","51,329,899",Asia,2,"1,494",3,,,"3,511"
8,Italy,25737170,,189391.0,,25413901.0,,133878.0,83,"427,082","3,143",270717229.0,"4,492,280","60,262,770",Europe,2,318,0,,,"2,222"
9,UK,24448729,,209396.0,,24239333.0,,0.0,,"356,927","3,057",522526476.0,"7,628,357","68,497,907",Europe,3,327,0,,,
10,Russia,22765337,7094.0,397828.0,38.0,22151154.0,6841.0,216355.0,,"156,134","2,728",273400000.0,"1,875,095","145,805,947",Europe,6,367,1,49,0.3,"1,484"
11,Turkey,17232066,,102174.0,,,,,,"201,399","1,194",162743369.0,"1,902,052","85,561,976",Asia,5,837,1,,,"4,024"
12,Spain,13813830,,120606.0,,13659874.0,,33350.0,231,"295,678","2,582",471036328.0,"10,082,298","46,719,142",Europe,3,387,0,,,714
13,Vietnam,11530356,,43186.0,,10615343.0,,871827.0,10,"116,523",436,85826548.0,"867,342","98,953,541",Asia,9,"2,291",1,,,"8,810"
14,Australia,11381793,,20049.0,,11314115.0,,47629.0,43,"436,606",769,78835048.0,"3,024,116","26,068,792",Australia/Oceania,2,"1,300",0,,,"1,827"
15,Taiwan,10239998,,19005.0,,10220993.0,4.0,0.0,,"428,656",796,30742304.0,"1,286,903","23,888,595",Asia,2,"1,257",1,,,
16,Argentina,10044957,,130472.0,,9914485.0,,0.0,363,"218,320","2,836",35716069.0,"776,264","46,010,234",South America,5,353,1,,,
17,Netherlands,8610372,,22992.0,,8582526.0,437.0,4854.0,53,"500,270","1,336",25984435.0,"1,509,718","17,211,447",Europe,2,749,1,,,282
18,Iran,7597982,,145571.0,,7342490.0,,109921.0,407,"88,325","1,692",55353767.0,"643,478","86,022,837",Asia,11,591,2,,,"1,278"
19,Mexico,7563576,,333669.0,,6809445.0,,420462.0,,"57,490","2,536",19835770.0,"150,770","131,562,772",North America,17,394,7,,,"3,196"
20,Indonesia,6756541,,161116.0,,6586736.0,,8689.0,,"24,205",577,114158919.0,"408,975","279,134,505",Asia,41,"1,733",2,,,31
21,Poland,6508740,104.0,119482.0,2.0,5335940.0,,1053318.0,696,"172,464","3,166",38607839.0,"1,023,001","37,739,785",Europe,6,316,1,3,0.05,"27,910"
22,Colombia,6363544,,142698.0,,6186501.0,,34345.0,342,"123,533","2,770",36951507.0,"717,327","51,512,762",South America,8,361,1,,,667
23,Austria,6052650,,22276.0,,6016085.0,,14289.0,55,"667,569","2,457",211273524.0,"23,302,116","9,066,710",Europe,1,407,0,,,"1,576"
24,Greece,5972760,,36629.0,,5927050.0,1965.0,9081.0,115,"578,944","3,550",102228365.0,"9,909,078","10,316,637",Europe,2,282,0,,,880
25,Portugal,5577825,,26480.0,,5545402.0,,5943.0,61,"550,050","2,611",46065483.0,"4,542,692","10,140,570",Europe,2,383,0,,,586
26,Ukraine,5484936,,111789.0,,5334190.0,,38957.0,,"126,989","2,588",32603805.0,"754,855","43,192,122",Europe,8,386,1,,,902
27,Chile,5278252,,64497.0,,5211301.0,,2454.0,69,"274,192","3,350",49226745.0,"2,557,208","19,250,195",South America,4,298,0,,,127
28,Malaysia,5056911,,36994.0,,5006634.0,,13283.0,10,"152,403","1,115",68342991.0,"2,059,698","33,181,072",Asia,7,897,0,,,400
29,Israel,4818346,,12416.0,,4798473.0,,7457.0,21,"516,657","1,331",41373364.0,"4,436,346","9,326,000",Asia,2,751,0,,,800
30,Belgium,4786803,,34166.0,,4723282.0,,29355.0,43,"410,241","2,928",36973399.0,"3,168,711","11,668,278",Europe,2,342,0,,,"2,516"
31,DPRK,4772813,,74.0,,4772739.0,,0.0,,"183,636",3,,,"25,990,679",Asia,5,"351,225",,,,
32,Thailand,4728967,,33940.0,,4692636.0,,2391.0,,"67,481",484,17270775.0,"246,450","70,078,203",Asia,15,"2,065",4,,,34
33,Canada,4641301,,52247.0,,4563303.0,1255.0,25751.0,99,"120,904","1,361",66343123.0,"1,728,207","38,388,419",North America,8,735,1,,,671
34,Czechia,4637897,,42726.0,,4591159.0,,4012.0,23,"431,963","3,979",57149297.0,"5,322,757","10,736,784",Europe,2,251,0,,,374
35,Peru,4496896,,219991.0,,4273686.0,327.0,3219.0,33,"133,502","6,531",38423871.0,"1,140,709","33,684,208",South America,7,153,1,,,96
36,Switzerland,4400218,,14452.0,,4379844.0,,5922.0,39,"501,527","1,647",23833472.0,"2,716,487","8,773,637",Europe,2,607,0,,,675
37,Philippines,4085539,,66437.0,,4009622.0,,9480.0,162,"36,313",591,34914751.0,"310,329","112,508,994",Asia,28,"1,693",3,,,84
38,South Africa,4075849,,102595.0,,3912506.0,,60748.0,192,"67,085","1,689",26795090.0,"441,027","60,756,135",Africa,15,592,2,,,"1,000"
39,Romania,3380891,,67961.0,,3299960.0,,12970.0,132,"177,649","3,571",27131523.0,"1,425,624","19,031,335",Europe,6,280,1,,,682
40,Denmark,3179563,,8464.0,,3169944.0,,1155.0,19,"544,917","1,451",129253612.0,"22,151,623","5,834,950",Europe,2,689,0,,,198
41,Hong Kong,2886633,,13490.0,,2870397.0,,2746.0,28,"379,605","1,774",76127725.0,"10,011,143","7,604,299",Asia,3,564,0,,,361
42,Sweden,2703773,,23928.0,,2676426.0,114.0,3419.0,8,"264,584","2,342",19500873.0,"1,908,301","10,218,971",Europe,4,427,1,,,335
43,Serbia,2527640,,18002.0,,2498044.0,,11594.0,13,"292,111","2,080",12708633.0,"1,468,694","8,653,016",Europe,3,481,1,,,"1,340"
44,Iraq,2465545,,25375.0,,2439497.0,,673.0,21,"58,474",602,19544451.0,"463,523","42,164,965",Asia,17,"1,662",2,,,16
45,Singapore,2314707,,1727.0,,2149583.0,,163397.0,2,"389,449",291,24756666.0,"4,165,302","5,943,546",Asia,3,"3,442",0,,,"27,492"
46,New Zealand,2286481,,4045.0,,2271682.0,,10754.0,,"466,800",826,7768604.0,"1,586,011","4,898,203",Australia/Oceania,2,"1,211",1,,,"2,195"
47,Hungary,2200211,,48828.0,,2147103.0,,4280.0,2,"229,039","5,083",11394556.0,"1,186,160","9,606,259",Europe,4,197,1,,,446
48,Bangladesh,2038091,,29446.0,,1998448.0,,10197.0,,"12,140",175,15254399.0,"90,862","167,885,689",Asia,82,"5,701",11,,,61
49,Slovakia,1866071,7.0,21144.0,3.0,1844356.0,17.0,571.0,23,"341,759","3,872",7423051.0,"1,359,485","5,460,193",Europe,3,258,1,1,0.5,105
50,Georgia,1836791,,17032.0,,1776548.0,,43211.0,,"462,815","4,292",16920079.0,"4,263,340","3,968,738",Asia,2,233,0,,,"10,888"
51,Jordan,1746997,,14122.0,,1731007.0,,1868.0,59,"169,597","1,371",17201885.0,"1,669,945","10,300,869",Asia,6,729,1,,,181
52,Ireland,1708933,,8810.0,,1696485.0,,3638.0,19,"340,411","1,755",13083449.0,"2,606,161","5,020,199",Europe,3,570,0,,,725
53,Pakistan,1580429,20.0,30655.0,,1538689.0,,11085.0,15,"6,887",134,30570862.0,"133,213","229,488,994",Asia,145,"7,486",8,0.09,,48
54,Norway,1482235,,5213.0,,1475779.0,,1243.0,20,"268,941",946,11002430.0,"1,996,315","5,511,370",Europe,4,"1,057",1,,,226
55,Finland,1469865,,9144.0,,1456454.0,210.0,4267.0,21,"264,604","1,646",12069254.0,"2,172,699","5,554,960",Europe,4,607,0,,,768
56,Kazakhstan,1410791,,13848.0,,1383020.0,,13923.0,24,"73,459",721,11575012.0,"602,707","19,205,043",Asia,14,"1,387",2,,,725
57,Slovenia,1342491,,7100.0,,1328006.0,,7385.0,8,"646,039","3,417",2847701.0,"1,370,382","2,078,034",Europe,2,293,1,,,"3,554"
58,Lithuania,1316984,30.0,9654.0,1.0,1303322.0,78.0,4008.0,7,"494,789","3,627",10425065.0,"3,916,682","2,661,708",Europe,2,276,0,11,0.4,"1,506"
59,Bulgaria,1302146,,38288.0,,1260996.0,,2862.0,40,"190,244","5,594",11151672.0,"1,629,266","6,844,597",Europe,5,179,1,,,418
60,Morocco,1272733,,16296.0,,1256151.0,,286.0,3,"33,694",431,13001033.0,"344,191","37,772,756",Africa,30,"2,318",3,,,8
61,Croatia,1271276,,18091.0,,1252694.0,,491.0,4,"313,177","4,457",5560149.0,"1,369,736","4,059,286",Europe,3,224,1,,,121
62,Guatemala,1246722,,20189.0,,1225638.0,,895.0,5,"67,086","1,086",7148360.0,"384,651","18,584,039",North America,15,921,3,,,48
63,Lebanon,1235804,,10885.0,,1087587.0,,137332.0,74,"184,866","1,628",4795578.0,"717,380","6,684,849",Asia,5,614,1,,,"20,544"
64,Costa Rica,1226315,,9326.0,,860711.0,,356278.0,52,"236,633","1,800",4659757.0,"899,158","5,182,354",North America,4,556,1,,,"68,748"
65,Bolivia,1196464,,22375.0,,1165163.0,,8926.0,220,"99,766","1,866",2705422.0,"225,590","11,992,656",South America,10,536,4,,,744
66,Tunisia,1152262,,29367.0,,,,,44,"95,650","2,438",5008040.0,"415,720","12,046,656",Africa,10,410,2,,,"1,070"
67,Cuba,1112990,,8530.0,,1104340.0,,120.0,2,"98,445",754,14324663.0,"1,267,036","11,305,652",North America,10,"1,325",1,,,11
68,UAE,1060146,,2349.0,,1041294.0,,16503.0,,"105,155",233,200056552.0,"19,843,366","10,081,785",Asia,10,"4,292",0,,,"1,637"
69,Ecuador,1059529,,36017.0,,1022992.0,,520.0,759,"58,494","1,988",3082403.0,"170,173","18,113,361",South America,17,503,6,,,29
70,Uruguay,1037095,,7621.0,,1028996.0,,478.0,18,"296,651","2,180",6114822.0,"1,749,083","3,496,016",South America,3,459,1,,,137
71,Panama,1035357,,8617.0,,1026192.0,,548.0,16,"232,823","1,938",7621296.0,"1,713,820","4,446,964",North America,4,516,1,,,123
72,Mongolia,1007943,,2179.0,,1005732.0,,32.0,192,"298,378",645,4030048.0,"1,193,000","3,378,078",Asia,3,"1,550",1,,,9
73,Nepal,1002128,,12022.0,,989729.0,,377.0,,"33,155",398,6026236.0,"199,375","30,225,582",Asia,30,"2,514",5,,,12
74,Belarus,994037,,7118.0,,985592.0,,1327.0,,"105,381",755,13646641.0,"1,446,722","9,432,800",Europe,9,"1,325",1,,,141
75,Latvia,977282,,6302.0,,970544.0,,436.0,13,"528,593","3,409",7871447.0,"4,257,513","1,848,837",Europe,2,293,0,,,236
76,Saudi Arabia,838246,,9637.0,,823911.0,,4698.0,90,"23,385",269,45378829.0,"1,265,977","35,844,909",Asia,43,"3,720",1,,,131
77,Azerbaijan,830780,,10212.0,,820094.0,,474.0,,"80,657",991,7575517.0,"735,472","10,300,205",Asia,12,"1,009",1,,,46
78,Paraguay,809269,,19906.0,,,,,7,"110,770","2,725",2657506.0,"363,751","7,305,843",South America,9,367,3,,,"12,462"
79,Bahrain,718724,,1559.0,,716589.0,,576.0,2,"402,876",874,10814786.0,"6,062,158","1,783,983",Asia,2,"1,144",0,,,323
80,Sri Lanka,672103,,16835.0,,655253.0,,15.0,,"31,151",780,6486117.0,"300,619","21,575,842",Asia,32,"1,282",3,,,0.7
81,Kuwait,665527,,2570.0,,660237.0,,2720.0,,"151,935",587,8455743.0,"1,930,391","4,380,326",Asia,7,"1,704",1,,,621
82,Dominican Republic,660937,,4384.0,,644785.0,,11768.0,4,"59,779",397,3740928.0,"338,350","11,056,370",North America,17,"2,522",3,,,"1,064"
83,Cyprus,656904,,1350.0,,653364.0,,2190.0,60,"536,955","1,103",9640118.0,"7,879,860","1,223,387",Asia,2,906,0,,,"1,790"
84,Myanmar,634154,,19490.0,,614619.0,,45.0,,"11,483",353,10227586.0,"185,191","55,227,143",Asia,87,"2,834",5,,,0.8
85,Palestine,621008,,5404.0,,615445.0,,159.0,17,"116,173","1,011",3078533.0,"575,907","5,345,541",Asia,9,989,2,,,30
86,Moldova,619510,,12100.0,,504142.0,,103268.0,49,"154,369","3,015",3216305.0,"801,437","4,013,171",Europe,6,332,1,,,"25,732"
87,Estonia,617222,,2979.0,,524990.0,,89253.0,3,"466,917","2,254",3697161.0,"2,796,833","1,321,910",Europe,2,444,0,,,"67,518"
88,Venezuela,552512,,5856.0,,546421.0,,235.0,31,"18,878",200,3359014.0,"114,771","29,266,991",South America,53,"4,998",9,,,8
89,Egypt,515913,,24613.0,,442182.0,,49118.0,122,"4,860",232,3693367.0,"34,792","106,156,692",Africa,206,"4,313",29,,,463
90,Libya,507244,,6437.0,,500792.0,,15.0,,"72,044",914,2483848.0,"352,782","7,040,745",Africa,14,"1,094",3,,,2
91,Qatar,503909,,690.0,,501346.0,,1873.0,44,"169,102",232,4065369.0,"1,364,257","2,979,915",Asia,6,"4,319",1,,,629
92,Ethiopia,500774,,7574.0,,487838.0,,5362.0,1,"4,145",63,5532785.0,"45,796","120,812,698",Africa,241,"15,951",22,,,44
93,Réunion,486588,,921.0,,418572.0,,67095.0,10,"535,854","1,014",1603660.0,"1,766,027","908,061",Africa,2,986,1,,,"73,888"
94,Honduras,472485,,11111.0,,,,,105,"46,226","1,087",1650345.0,"161,462","10,221,247",North America,22,920,6,,,"32,171"
95,Armenia,448707,,8743.0,,435162.0,,4802.0,,"150,980","2,942",3242901.0,"1,091,164","2,971,966",Asia,7,340,1,,,"1,616"
96,Bosnia and Herzegovina,402636,,16328.0,,379084.0,,7224.0,,"123,914","5,025",1884721.0,"580,036","3,249,317",Europe,8,199,2,,,"2,223"
97,Oman,399449,,4628.0,,384669.0,,10152.0,2,"75,028",869,25000000.0,"4,695,724","5,323,993",Asia,13,"1,150",0,,,"1,907"
98,North Macedonia,347672,,9667.0,,337068.0,,937.0,,"167,045","4,645",2226216.0,"1,069,626","2,081,304",Europe,6,215,1,,,450
99,Zambia,343803,,4058.0,,339632.0,,113.0,,"17,658",208,4000548.0,"205,470","19,470,234",Africa,57,"4,798",5,,,6
100,Kenya,342992,,5688.0,,337282.0,,22.0,1,"6,101",101,3967062.0,"70,569","56,215,221",Africa,164,"9,883",14,,,0.4
101,Albania,334714,,3602.0,,329419.0,,1693.0,,"116,773","1,257",1941032.0,"677,173","2,866,374",Europe,9,796,1,,,591
102,Botswana,329837,,2801.0,,327027.0,,9.0,1,"135,115","1,147",2026898.0,"830,300","2,441,162",Africa,7,872,1,,,4
103,Luxembourg,297757,,1133.0,,288991.0,,7633.0,,"463,528","1,764",4412567.0,"6,869,188","642,371",Europe,2,567,0,,,"11,883"
104,Montenegro,290779,,2820.0,,287276.0,,683.0,6,"463,061","4,491",2741050.0,"4,365,077","627,950",Europe,2,223,0,,,"1,088"
105,Brunei,284632,,225.0,,243601.0,,40806.0,3,"639,004",505,717784.0,"1,611,437","445,431",Asia,2,"1,980",1,,,"91,610"
106,Algeria,271642,,6881.0,,182916.0,,81845.0,,"5,990",152,230861.0,"5,091","45,350,148",Africa,167,"6,591",196,,,"1,805"
107,Nigeria,266675,,3155.0,,259953.0,,3567.0,11,"1,230",15,5708974.0,"26,339","216,746,934",Africa,813,"68,700",38,,,16
108,Zimbabwe,264584,,5685.0,,258844.0,,55.0,12,"17,258",371,2525756.0,"164,744","15,331,428",Africa,58,"2,697",6,,,4
109,Uzbekistan,252265,,1637.0,,241486.0,,9142.0,23,"7,337",48,1377915.0,"40,077","34,382,084",Asia,136,"21,003",25,,,266
110,Mozambique,233334,,2242.0,,228805.0,,2287.0,11,"7,052",68,1371127.0,"41,437","33,089,461",Africa,142,"14,759",24,,,69
111,Martinique,229807,,1098.0,,,,,12,"614,314","2,935",828928.0,"2,215,870","374,087",North America,2,341,0,,,"611,101"
112,Laos,218048,,758.0,,,,,,"29,147",101,1233207.0,"164,845","7,481,023",Asia,34,"9,869",6,,,"28,022"
113,Afghanistan,212605,,7896.0,,192700.0,,12009.0,45,"5,217",194,1224908.0,"30,056","40,754,388",Asia,192,"5,161",33,,,295
114,Iceland,209191,,229.0,,,,,2,"605,661",663,1996384.0,"5,780,036","345,393",Europe,2,"1,508",0,,,"385,871"
115,Kyrgyzstan,206849,,2991.0,,196406.0,,7452.0,131,"30,743",445,1907195.0,"283,460","6,728,271",Asia,33,"2,250",4,,,"1,108"
116,Guadeloupe,202163,,1012.0,,,,,19,"505,668","2,531",938039.0,"2,346,306","399,794",North America,2,395,0,,,"497,509"
117,El Salvador,201785,,4230.0,,179410.0,,18145.0,8,"30,805",646,2610114.0,"398,467","6,550,389",North America,32,"1,549",3,,,"2,770"
118,Trinidad and Tobago,191257,,4385.0,,186827.0,,45.0,8,"135,973","3,117",909477.0,"646,585","1,406,585",North America,7,321,2,,,32
119,Maldives,185894,,311.0,,163687.0,,21896.0,25,"343,621",575,2213831.0,"4,092,223","540,985",Asia,3,"1,740",0,,,"40,474"
120,Ghana,171589,,1462.0,,170073.0,,54.0,2,"5,297",45,2535386.0,"78,264","32,395,450",Africa,189,"22,158",13,,,2
121,Namibia,171222,,4090.0,,167099.0,,33.0,,"65,008","1,553",1062663.0,"403,460","2,633,874",Africa,15,644,2,,,13
122,Uganda,170610,,3632.0,,100431.0,,66547.0,3,"3,523",75,3012408.0,"62,198","48,432,863",Africa,284,"13,335",16,,,"1,374"
123,Jamaica,154687,,3532.0,,102678.0,,48477.0,,"51,820","1,183",1183986.0,"396,633","2,985,094",North America,19,845,3,,,"16,240"
124,Cambodia,138726,,3056.0,,135669.0,,1.0,,"8,080",178,3091420.0,"180,062","17,168,639",Asia,124,"5,618",6,,,0.06
125,Rwanda,133194,,1468.0,,131647.0,,79.0,,"9,793",108,6021981.0,"442,778","13,600,464",Africa,102,"9,265",2,,,6
126,Cameroon,124834,,1970.0,,122640.0,,224.0,13,"4,472",71,1751774.0,"62,762","27,911,548",Africa,224,"14,168",16,,,8
127,Malta,118214,,833.0,,116744.0,,637.0,4,"266,228","1,876",2129819.0,"4,796,533","444,033",Europe,4,533,0,,,"1,435"
128,Barbados,107332,,582.0,,106739.0,,11.0,,"372,651","2,021",799983.0,"2,777,497","288,023",North America,3,495,0,,,38
129,Angola,105353,,1934.0,,103396.0,,23.0,,"3,008",55,1499795.0,"42,818","35,027,343",Africa,332,"18,111",23,,,0.7
130,Channel Islands,101717,,228.0,,101321.0,,168.0,,"576,421","1,292",1252808.0,"7,099,551","176,463",Europe,2,774,0,,,952
131,French Guiana,98041,,420.0,,11254.0,,86367.0,6,"312,065","1,337",651257.0,"2,072,951","314,169",South America,3,748,0,,,"274,906"
132,DRC,95945,,1464.0,,84489.0,,9992.0,,"1,007",15,846704.0,"8,890","95,240,792",Africa,993,"65,055",112,,,105
133,Senegal,88978,,1971.0,,86998.0,,9.0,,"5,040",112,1146543.0,"64,946","17,653,671",Africa,198,"8,957",15,,,0.5
134,Malawi,88717,,2686.0,,85641.0,,390.0,67,"4,396",133,624784.0,"30,959","20,180,839",Africa,227,"7,513",32,,,19
135,Ivory Coast,88315,,834.0,,87473.0,,8.0,,"3,183",30,1687333.0,"60,822","27,742,298",Africa,314,"33,264",16,,,0.3
136,Suriname,82495,,1404.0,,,,,,"138,222","2,352",241666.0,"404,915","596,831",South America,7,425,2,,,"52,502"
137,New Caledonia,79917,,314.0,,79600.0,,3.0,9,"274,709","1,079",98964.0,"340,182","290,915",Australia/Oceania,4,926,3,,,10
138,French Polynesia,78219,,649.0,,,,,7,"275,260","2,284",,,"284,164",Australia/Oceania,4,438,,,,"155,086"
139,Eswatini,74520,,1425.0,,73053.0,,42.0,,"62,896","1,203",1048704.0,"885,119","1,184,817",Africa,16,831,1,,,35
140,Guyana,73121,,1298.0,,71822.0,,1.0,,"92,087","1,635",726777.0,"915,284","794,045",South America,11,612,1,,,1
141,Belize,70782,,688.0,,70085.0,,9.0,6,"171,722","1,669",576016.0,"1,397,453","412,190",North America,6,599,1,,,22
142,Fiji,68918,,883.0,,67026.0,,1009.0,,"75,779",971,670477.0,"737,221","909,466",Australia/Oceania,13,"1,030",1,,,"1,109"
143,Madagascar,68105,,1424.0,,66566.0,,115.0,,"2,334",49,528968.0,"18,129","29,178,077",Africa,428,"20,490",55,,,4
144,Sudan,63922,,5034.0,,58626.0,,262.0,,"1,390",109,562941.0,"12,240","45,992,020",Africa,720,"9,136",82,,,6
145,Mauritania,63715,,997.0,,62471.0,,247.0,,"12,998",203,1009957.0,"206,030","4,901,981",Africa,77,"4,917",5,,,50
146,Cabo Verde,63281,,413.0,,62786.0,,82.0,23,"111,473",728,401622.0,"707,482","567,678",Africa,9,"1,375",1,,,144
147,Bhutan,62650,,21.0,,61564.0,,1065.0,,"79,511",27,2303734.0,"2,923,739","787,941",Asia,13,"37,521",0,,,"1,352"
148,Syria,57508,,3164.0,,54344.0,,0.0,,"2,970",163,146269.0,"7,553","19,364,809",Asia,337,"6,120",132,,,
149,Burundi,53719,,38.0,,53569.0,,112.0,,"4,255",3,345742.0,"27,386","12,624,840",Africa,235,"332,233",37,,,9
150,Seychelles,50937,,172.0,,50750.0,,15.0,,"512,311","1,730",,,"99,426",Africa,2,578,,,,151
151,Gabon,48981,,306.0,,48674.0,,1.0,,"21,008",131,1621909.0,"695,641","2,331,533",Africa,48,"7,619",1,,,0.4
152,Andorra,47939,,165.0,,47563.0,,211.0,14,"618,863","2,130",249838.0,"3,225,256","77,463",Europe,2,469,0,,,"2,724"
153,Papua New Guinea,46837,,670.0,,43982.0,,2185.0,7,"5,040",72,249149.0,"26,813","9,292,169",Australia/Oceania,198,"13,869",37,,,235
154,Curaçao,45986,,295.0,,44720.0,,971.0,3,"277,812","1,782",496693.0,"3,000,640","165,529",North America,4,561,0,,,"5,866"
155,Aruba,44114,,236.0,,42438.0,,1440.0,2,"409,947","2,193",177885.0,"1,653,068","107,609",North America,2,456,1,,,"13,382"
156,Tanzania,42973,,846.0,,,,,7,679,13,,,"63,298,550",Africa,"1,473","74,821",,,,663
157,Mayotte,42008,,188.0,,,,,,"146,748",657,176919.0,"618,038","286,259",Africa,7,"1,523",2,,,"135,737"
158,Mauritius,41977,,1043.0,,40208.0,,726.0,,"32,930",818,358675.0,"281,374","1,274,727",Africa,30,"1,222",4,,,570
159,Togo,39470,,290.0,,39169.0,,11.0,,"4,547",33,810204.0,"93,332","8,680,837",Africa,220,"29,934",11,,,1
160,Guinea,38280,,467.0,,37757.0,,56.0,8,"2,761",34,660107.0,"47,607","13,865,691",Africa,362,"29,691",21,,,4
161,Isle of Man,38008,,116.0,,,,,,"443,335","1,353",150753.0,"1,758,422","85,732",Europe,2,739,1,,,"129,450"
162,Bahamas,37491,,833.0,,36366.0,,292.0,1,"93,607","2,080",257839.0,"643,767","400,516",North America,11,481,2,,,729
163,Lesotho,34790,,723.0,,25980.0,,8087.0,,"15,990",332,431221.0,"198,199","2,175,699",Africa,63,"3,009",5,,,"3,717"
164,Faeroe Islands,34658,,28.0,,,,,5,"703,959",569,778000.0,"15,802,409","49,233",Europe,1,"1,758",0,,,"547,133"
165,Haiti,34218,,860.0,,33216.0,,142.0,,"2,930",74,132422.0,"11,337","11,680,283",North America,341,"13,582",88,,,12
166,Mali,33134,,743.0,,32312.0,,79.0,,"1,543",35,802511.0,"37,372","21,473,764",Africa,648,"28,901",27,,,4
167,Cayman Islands,31472,,37.0,,8553.0,,22882.0,1,"467,797",550,222773.0,"3,311,280","67,277",North America,2,"1,818",0,,,"340,116"
168,Saint Lucia,30028,,409.0,,29095.0,,524.0,,"162,214","2,209",210983.0,"1,139,752","185,113",North America,6,453,1,,,"2,831"
169,Benin,28014,,163.0,,27847.0,,4.0,,"2,191",13,604310.0,"47,268","12,784,726",Africa,456,"78,434",21,,,0.3
170,Somalia,27334,,1361.0,,13182.0,,12791.0,,"1,623",81,400466.0,"23,778","16,841,795",Africa,616,"12,375",42,,,759
171,Micronesia,25929,,65.0,,,,,1,"220,693",553,80318.0,"683,621","117,489",Australia/Oceania,5,"1,808",1,,,"157,010"
172,Congo,25375,,386.0,,24006.0,,983.0,,"4,377",67,347815.0,"59,991","5,797,805",Africa,228,"15,020",17,,,170
173,Solomon Islands,24575,,153.0,,,,,1,"34,077",212,,,"721,159",Australia/Oceania,29,"4,713",,,,"11,183"
174,San Marino,23873,,123.0,,23721.0,,29.0,4,"700,396","3,609",196855.0,"5,775,414","34,085",Europe,1,277,0,,,851
175,Timor-Leste,23423,,138.0,,23102.0,,183.0,,"17,104",101,278529.0,"203,391","1,369,429",Asia,58,"9,923",5,,,134
176,Burkina Faso,22056,,396.0,,21596.0,,64.0,,998,18,248995.0,"11,265","22,102,838",Africa,"1,002","55,815",89,,,3
177,Liechtenstein,21437,,91.0,,21345.0,,1.0,,"558,444","2,371",112457.0,"2,929,559","38,387",Europe,2,422,0,,,26
178,Gibraltar,20550,,113.0,,16579.0,,3858.0,,"609,720","3,353",534283.0,"15,852,213","33,704",Europe,2,298,0,,,"114,467"
179,Grenada,19683,,238.0,,19358.0,,87.0,4,"173,457","2,097",182981.0,"1,612,523","113,475",North America,6,477,1,,,767
180,Bermuda,18860,,165.0,,18685.0,,10.0,,"304,493","2,664",1029558.0,"16,622,128","61,939",North America,3,375,0,,,161
181,Nicaragua,18491,,225.0,,4225.0,,14041.0,,"2,728",33,,,"6,779,100",North America,367,"30,129",,,,"2,071"
182,South Sudan,18368,,138.0,,18115.0,,115.0,1,"1,581",12,410280.0,"35,313","11,618,511",Africa,633,"84,192",28,,,10
183,Tajikistan,17786,,125.0,,17264.0,,397.0,,"1,786",13,,,"9,957,464",Asia,560,"79,660",,,,40
184,Equatorial Guinea,17229,,183.0,,16907.0,,139.0,5,"11,512",122,365697.0,"244,342","1,496,662",Africa,87,"8,178",4,,,93
185,Tonga,16814,,13.0,,15638.0,,1163.0,,"156,048",121,535009.0,"4,965,327","107,749",Australia/Oceania,6,"8,288",0,,,"10,794"
186,Samoa,16737,,31.0,,1605.0,,15101.0,,"82,759",153,187397.0,"926,612","202,239",Australia/Oceania,12,"6,524",1,,,"74,669"
187,Monaco,16178,,67.0,,15992.0,,119.0,4,"406,656","1,684",78646.0,"1,976,875","39,783",Europe,2,594,1,,,"2,991"
188,Marshall Islands,16081,,17.0,,15954.0,,110.0,,"267,762",283,,,"60,057",Australia/Oceania,4,"3,533",,,,"1,832"
189,Dominica,15760,,74.0,,15673.0,,13.0,,"217,848","1,023",229344.0,"3,170,187","72,344",North America,5,978,0,,,180
190,Djibouti,15690,,189.0,,15427.0,,74.0,,"15,441",186,305941.0,"301,094","1,016,097",Africa,65,"5,376",3,,,73
191,CAR,15368,,113.0,,15200.0,,55.0,2,"3,063",23,81294.0,"16,205","5,016,678",Africa,326,"44,395",62,,,11
192,Gambia,12626,,372.0,,12189.0,,65.0,,"4,935",145,155686.0,"60,851","2,558,482",Africa,203,"6,878",16,,,25
193,Saint Martin,12280,,63.0,,1399.0,,10818.0,7,"309,086","1,586",112382.0,"2,828,643","39,730",North America,3,631,0,,,"272,288"
194,Vanuatu,12014,,14.0,,11976.0,,24.0,,"37,330",44,24976.0,"77,606","321,832",Australia/Oceania,27,"22,988",13,,,75
195,Greenland,11971,,21.0,,2761.0,,9189.0,4,"210,117",369,164926.0,"2,894,810","56,973",North America,5,"2,713",0,,,"161,287"
196,Yemen,11945,,2159.0,,9124.0,,662.0,23,383,69,329592.0,"10,579","31,154,867",Asia,"2,608","14,430",95,,,21
197,Caribbean Netherlands,11682,,38.0,,10476.0,,1168.0,,"438,398","1,426",30126.0,"1,130,559","26,647",North America,2,701,1,,,"43,832"
198,Sint Maarten,11030,,92.0,,10905.0,,33.0,,"250,876","2,093",62056.0,"1,411,454","43,966",North America,4,478,1,,,751
199,Eritrea,10189,,103.0,,10086.0,,0.0,,"2,782",28,23693.0,"6,470","3,662,244",Africa,359,"35,556",155,,,
200,Niger,9931,,312.0,,8890.0,,729.0,1,381,12,254538.0,"9,759","26,083,660",Africa,"2,626","83,601",102,,,28
201,St. Vincent Grenadines,9601,,124.0,,9472.0,,5.0,,"86,068","1,112",113886.0,"1,020,932","111,551",North America,12,900,1,,,45
202,Guinea-Bissau,9350,,176.0,,8929.0,,245.0,6,"4,531",85,145231.0,"70,385","2,063,367",Africa,221,"11,724",14,,,119
203,Antigua and Barbuda,9106,,146.0,,8954.0,,6.0,1,"91,509","1,467",18901.0,"189,943","99,509",North America,11,682,5,,,60
204,Comoros,9093,,161.0,,8885.0,,47.0,,"10,021",177,,,"907,419",Africa,100,"5,636",,,,52
205,Liberia,8090,,295.0,,7783.0,,12.0,2,"1,525",56,139824.0,"26,356","5,305,117",Africa,656,"17,983",38,,,2
206,Sierra Leone,7762,,126.0,,,,,,934,15,259958.0,"31,296","8,306,436",Africa,"1,070","65,924",32,,,330
207,Chad,7696,,194.0,,4874.0,,2628.0,,442,11,191341.0,"10,988","17,413,580",Africa,"2,263","89,761",91,,,151
208,British Virgin Islands,7305,,64.0,,,,,,"238,757","2,092",107339.0,"3,508,269","30,596",North America,4,478,0,,,392
209,Cook Islands,7050,,2.0,,7038.0,,10.0,,"401,229",114,19690.0,"1,120,596","17,571",Australia/Oceania,2,"8,786",1,,,569
210,Saint Kitts and Nevis,6598,,48.0,,6550.0,,0.0,,"122,478",891,126939.0,"2,356,351","53,871",North America,8,"1,122",0,,,
211,Turks and Caicos,6565,,38.0,,6509.0,,18.0,4,"165,195",956,612335.0,"15,408,143","39,741",North America,6,"1,046",0,,,453
212,Sao Tome and Principe,6542,,80.0,,6422.0,,40.0,,"28,733",351,29036.0,"127,530","227,679",Africa,35,"2,846",8,,,176
213,Palau,5999,,9.0,,5989.0,,1.0,,"329,019",494,69532.0,"3,813,525","18,233",Australia/Oceania,3,"2,026",0,,,55
214,St. Barth,5478,,6.0,,,,,,"550,830",603,78646.0,"7,908,095","9,945",North America,2,"1,658",0,,,"503,771"
215,Nauru,5393,,1.0,,5347.0,,45.0,,"494,635",92,20509.0,"1,881,042","10,903",Australia/Oceania,2,"10,903",1,,,"4,127"
216,Kiribati,5014,,18.0,,2703.0,,2293.0,3,"40,626",146,,,"123,419",Australia/Oceania,25,"6,857",,,,"18,579"
217,Anguilla,3904,,12.0,,3879.0,,13.0,4,"256,336",788,51382.0,"3,373,736","15,230",North America,4,"1,269",0,,,854
218,Macao,3515,,121.0,,3393.0,,1.0,,"5,266",181,7850.0,"11,760","667,490",Asia,190,"5,516",85,,,1
219,Saint Pierre Miquelon,3452,,2.0,,2449.0,,1001.0,1,"599,410",347,25400.0,"4,410,488","5,759",North America,2,"2,880",0,,,"173,815"
220,Wallis and Futuna,3427,,7.0,,438.0,,2982.0,,"312,056",637,20508.0,"1,867,419","10,982",Australia/Oceania,3,"1,569",1,,,"271,535"
221,Tuvalu,2805,,,,,,2805.0,,"232,471",,,,"12,066",Australia/Oceania,4,,,,,"232,471"
222,Saint Helena,2166,,,,2.0,,2164.0,,"354,211",,,,"6,115",Africa,3,,,,,"353,884"
223,Falkland Islands,1930,,,,1930.0,,0.0,,"545,352",,8632.0,"2,439,107","3,539",South America,2,,0,,,
224,Montserrat,1403,,8.0,,1376.0,,19.0,,"282,578","1,611",17762.0,"3,577,442","4,965",North America,4,621,0,,,"3,827"
225,Niue,800,,,,798.0,,2.0,,"493,218",,,,"1,622",Australia/Oceania,2,,,,,"1,233"
226,Diamond Princess,712,,13.0,,699.0,,0.0,,,,,,,,,,,,,
227,Vatican City,29,,,,29.0,,0.0,,"36,295",,,,799,Europe,28,,,,,
228,Western Sahara,10,,1.0,,9.0,,0.0,,16,2,,,"626,161",Africa,"62,616","626,161",,,,
229,MS Zaandam,9,,2.0,,7.0,,0.0,,,,,,,,,,,,,
230,Tokelau,5,,,,,,5.0,,"3,628",,,,"1,378",Australia/Oceania,276,,,,,"3,628"
231,China,503302,,5272.0,,379053.0,,118977.0,,347,4,160000000.0,"110,461","1,448,471,400",Asia,"2,878","274,748",9,,,82
